"_id",B,L_corona,b,convergent_point,country,county,county_FIPS,divergent_point,k,k_corona,l_corona,lat,lon,metro_area,modified_at,modified_at_corona,name,state,state_FIPS,t0,t0_corona,google_trend,distance,stretch_factor,average_procrustes_distance,first_peak_normal,first_peak_actual,second_peak_normal,second_peak_actual,first_peak_diff,second_peak_diff,google_trend_COVID19,google_trend_Coronavirus
5e88da2b7e859234c8cba942,-0.8654713512040252,127.84391888181116,-0.02314287945605551,37.49100395786595,US,Alameda,06001,16.67834796317348,0.3520513332910425,0.04629239163504061,-90.22552235741328,37.77,-122.27,SF Bay Area,20200517,20200521,AC Transit,California,06,27.084675960519714,41,33,0.5289515020635609,3.044767153779892,0.642796242946486,7.975,8.125,16.925,14.85,0.15,-2.075,65,78
5e88da2b7e859234c8cba943,-0.739277931492311,99.95676701915579,0.014403030043032198,38.1094075826425,US,Los Angeles,06037,18.388780044203642,0.3715461527772117,0.058253938519489706,-693.6242804686166,33.97,-118.24,Los Angeles,20200517,20200521,ART,California,06,28.24909381342307,4,38,0.22029908607347226,2.18614779716898,0.5469293247547136,7.0,8.575,15.525,16.275,1.575,0.75,62,73
5e88da2b7e859234c8cba944,-0.8547825646021066,,-0.01589853720960439,37.64170650694638,US,San Francisco,,15.24707264594633,0.3271820980748151,,,,,SF Bay Area,20200517,,BART,California,,26.444389576446355,,,0.5112951305522816,2.9673903262590042,0.5941029679599412,8.0,7.794871794871795,17.0,15.55,-0.20512820512820512,-1.45,,
5e88da2b7e859234c8cba945,-0.7807912265818416,99.95676701915579,0.0365690321237103,39.06145563269507,US,Los Angeles,06037,17.352296646727396,0.3375129961043347,0.058253938519489706,-693.6242804686166,33.97,-118.24,Los Angeles,20200517,20200521,Beach Cities Transit,California,06,28.206876139711234,4,38,0.41590286584922714,2.2258879342782394,0.5966065601163842,7.1,7.95,16.475,15.65,0.85,-0.825,62,73
5e88da2b7e859234c8cba946,-0.6942642053198219,4302.6737074508665,-0.0017590964524599856,40.40446395981085,US,Westchester,36119,17.73143418031492,0.32316471876579483,0.036733737441092484,-2892.993981673465,41.29,-73.76,NYC,20200517,20200521,Bee-Line,New York,36,29.067949070062884,41,36,0.29099573495679093,1.9285247381620507,0.453849443606738,7.0,6.875,15.625,15.75,-0.125,0.125,56,79
5e88da2b7e859234c8cba947,-0.7848530573431487,99.95676701915579,0.01497261104369744,36.20068654266507,US,Los Angeles,06037,18.65462124683344,0.4175935270228351,0.058253938519489706,-693.6242804686166,33.97,-118.24,Los Angeles,20200517,20200521,Big Blue Bus,California,06,27.427653894749252,4,38,0.2547933260393038,2.7090044412252445,0.44132005698391547,7.0,7.025,16.6,15.825,0.025,-0.775,62,73
5e88da2b7e859234c8cba948,-0.8292044576770141,75.60747795483948,0.03568435227418701,44.09014923781367,US,Suffolk,25025,19.33335301842964,0.29596411536167655,0.05911790814061212,-424.1086449330894,42.35,-71.06,Boston,20200517,20200521,Brockton Area Transit,Massachusetts,25,31.711751128121655,10,52,0.5156582409567252,1.3014554136049319,0.5512068210615775,7.0,8.6,15.125,14.95,1.6,-0.175,71,74
5e88da2b7e859234c8cba949,-0.5638163518301325,1527.1825607108397,0.005771780267461495,40.65858794222748,US,Miami-Dade,12086,19.645129869332926,0.34868717308887937,0.04626517193649244,-773.880304510249,25.86,-80.29,Miami,20200517,20200521,Broward County Transit,Florida,12,30.151858905780202,50,37,0.09922020652050247,1.396343490679734,0.4196258070653896,7.225,8.2,16.25,15.925,0.975,-0.325,54,76
5e88da2b7e859234c8cba94a,-0.7870357901376903,,-0.012325929564137411,36.57196740896981,US,San Francisco,,15.644711108241651,0.35012345560102626,,,,,SF Bay Area,20200517,,Caltrain,California,,26.10833925860573,,,0.36266353309552024,2.819426532367687,0.5669098895836956,7.975,8.675,16.95,15.9,0.7,-1.05,,
5e88da2b7e859234c8cba94b,-0.754671522776672,3.9374142902919718,-0.004765863100983873,38.107273861103614,US,Austin,48015,19.882069687482563,0.40203243938767413,0.04036416326377112,-1.2241657854124373,29.94,-96.25,Austin,20200517,20200521,Capital Metro,Texas,48,28.99467177429309,63,41,0.5191783347182574,2.1343557083908156,0.6813569228350573,8.025,9.35,16.9,15.225,1.325,-1.675,53,65
5e88da2b7e859234c8cba94c,-0.9103744957419754,86.70942662791073,0.017496507891232162,39.80347424288717,US,Sacramento,06067,13.570326925877879,0.2793078239418289,0.03995950943474507,-93.54518300587333,38.58,-121.49,SF Bay Area,20200517,20200521,Capitol Corridor,California,06,26.686900584382524,30,33,0.3982247902530546,2.731561652352669,0.6967953701501551,7.975,7.875,16.925,15.65,-0.1,-1.275,64,66
5e88da2b7e859234c8cba94d,-0.714004242278837,93.12636373750757,-0.011446685801073326,45.8152060790383,US,Charleston,45019,18.746495651021043,0.2706860864962156,0.03353364766852745,-58.43611362256598,32.78,-79.99,Charleston,20200517,20200521,CARTA,South Carolina,45,32.28085086502967,44,49,,,,,,,,,,53,62
5e88da2b7e859234c8cba94e,-0.8153645240065571,95.25877556593704,0.014085492976667315,34.58642221066893,US,Albany,36001,23.126929016368024,0.6393933106835176,0.051661590582795625,-36.54915186106338,42.45,-74.03,Albany,20200517,20200521,CDTA,New York,36,28.856675613518476,50,64,,,,,,,,,,61,71
5e88da2b7e859234c8cba94f,-0.8727811934328886,322.9621301300111,0.03368711888839244,40.93624149327076,US,King,53033,4.24816346084792,0.1997140129767495,0.03216540648866528,-764.5281242262804,47.3,-122.26,Seattle,20200517,20200521,City of Seattle,Washington,53,22.592202477059338,0,32,,,,,,,,,,74,78
5e88da2b7e859234c8cba950,-0.88007031696848,322.9621301300111,0.044764631849339945,44.51121099558634,US,King,53033,2.0283145300716363,0.17247231007911742,0.03216540648866528,-764.5281242262804,47.3,-122.26,Seattle,20200517,20200521,Community Transit,Washington,53,23.269762762828986,0,32,0.17511752836054942,2.670537668892063,0.5498397370497027,7.575,7.575,16.75,15.875,0.0,-0.875,74,78
5e88da2b7e859234c8cba951,-0.6237814272642818,179.47038295264753,0.015277905105352717,40.61437038972841,US,Franklin,39049,17.00743416888145,0.31038010285251727,0.05671133664673456,-77.1792545268079,40.07,-83.18,Columbus,20200517,20200521,COTA,Ohio,39,28.810902279304926,52,47,0.24050367908940237,1.649979398242232,0.5476056976584425,7.9,8.3,16.025,15.275,0.4,-0.75,58,69
5e88da2b7e859234c8cba952,-0.7541008341341898,110.2891382791947,-0.017487777543992007,35.67329114504126,US,Contra Costa,06013,17.442889393273955,0.40191781794106535,0.03989254656974987,-70.88581675248055,37.86,-121.64,SF Bay Area,20200517,20200521,County Connection,California,06,26.55809026915761,42,33,,,,,,,,,,65,78
5e88da2b7e859234c8cba953,-0.788370590775762,128.43065018144563,-0.014038446792522788,36.405919054811335,US,Cook,17031,20.432918981934563,0.4587192924828969,0.059125145810948986,-1071.169221304606,42.09,-87.98,Chicago,20200517,20200521,CTA,Illinois,17,28.41941901837295,2,48,0.36243280495561875,2.25995898426081,0.5908443199036028,7.625,7.897435897435898,17.0,14.9,0.28205128205128205,-2.1,63,72
5e88da2b7e859234c8cba954,-0.7483071233782036,50.82203665441694,-0.00969774790458613,43.73225385311159,US,Clark,53011,16.76066878791541,0.27166083396834284,0.038335828991171016,-30.31647766519988,45.93,-122.44,Vancouver,20200517,20200521,C-TRAN,Washington,53,30.246461320513497,45,34,,,,,,,,,,67,73
5e88da2b7e859234c8cba955,-0.6429498872117935,309.2537212864151,0.03742187246975368,38.16737022538077,US,Hartford,09003,20.224633019582974,0.40836151185961167,0.0644223935920382,-162.32366965991065,41.87,-72.67,Hartford,20200517,20200521,CTTransit Hartford,Connecticut,09,29.196001622481873,52,41,0.1159333021805794,1.5817815602743912,0.38097570381353335,8.0,8.285714285714286,15.85,14.625,0.3235294117647059,-1.225,65,72
5e88da2b7e859234c8cba956,-0.7195026881515046,309.2537212864151,0.05790360108747009,37.30553323432888,US,Hartford,09003,20.250220691568217,0.4296094412746122,0.0644223935920382,-162.32366965991065,41.87,-72.67,New Britain,20200517,20200521,CTTransit New Britain,Connecticut,09,28.777876962948547,52,41,,,,,,,,,,65,72
5e88da2b7e859234c8cba957,-0.6416290461384763,492.64456012847825,0.01842929226234348,39.42465835475656,US,New Haven,09009,19.208371033263603,0.3624366420865742,0.061116315905658324,-259.5845663064261,41.34,-73.06,New Haven,20200517,20200521,CTTransit New Haven,Connecticut,09,29.31651469401008,52,41,0.32505911553945344,1.569213917533814,0.45269979918038356,7.891891891891892,8.942857142857143,15.3,14.2,1.2121212121212122,-1.1,65,72
5e88da2b7e859234c8cba958,-0.7114203435452904,942.3087449757327,0.03342719115862622,39.14328591841819,US,Fairfield,09001,18.661114502733856,0.35773176308096455,0.05102170284682464,-552.9484778022595,41.39,-73.31,Stamford,20200517,20200521,CTTransit Stamford,Connecticut,09,28.902200210576023,47,36,,,,,,,,,,56,79
5e88da2b7e859234c8cba959,-0.8097751873186998,99.95676701915579,0.011799901457702603,36.47818393540539,US,Los Angeles,06037,18.181022104273488,0.40045135742268406,0.058253938519489706,-693.6242804686166,33.97,-118.24,Los Angeles,20200517,20200521,Culver CityBus,California,06,27.32960301983944,4,38,0.3495036117061462,2.8814647573957246,0.4733286659231924,7.0,7.525,16.65,15.675,0.525,-0.975,62,73
5e88da2b7e859234c8cba95a,-0.5533919094434528,333.4583554698439,0.01786770445016172,39.373080517577485,US,Dallas,48113,20.316966203876724,0.3845024841707271,0.047921009244272096,-174.73580899418138,32.96,-96.83,Dallas,20200517,20200521,DART,Texas,48,29.845023360727104,48,46,,,,,,,,,,56,63
5e88da2b7e859234c8cba95b,-0.7905070757486021,250.85088279263266,-0.010947989035136798,49.83289245002641,US,Washington,11001,16.085882342311308,0.2171191838587264,0.05604916058811497,-154.47847306629518,38.89,-77.03,Washington D.C.,20200517,20200521,DC Circulator,D.C,11,32.95938739616886,46,27,0.3508095165072534,1.284697960218951,0.5881284457765653,8.0,6.475,16.725,15.225,-1.525,-1.5,60,76
5e88da2b7e859234c8cba95c,-0.7039854467258791,2684.2417053633994,0.03819852998369634,46.732915258217545,US,Wayne,26163,15.093701570008616,0.23158360901332736,0.040307239264619626,-1466.4272185478494,42.25,-83.21,Detroit,20200517,20200521,DDOT,Michigan,26,30.913308414113082,48,46,0.16459401701230705,1.5649748894277058,0.40294332373083475,7.897435897435898,8.606060606060606,15.325,15.15,0.65625,-0.175,68,79
5e88da2b7e859234c8cba95d,-0.6579196568337832,250.85088279263266,0.002303428372979301,52.334970465858845,US,Washington,11001,16.029568567399526,0.2018190932785193,0.05604916058811497,-154.47847306629518,38.89,-77.03,Washington D.C.,20200517,20200521,Fairfax Connector,D.C,11,34.182269516629184,46,27,0.07579563623662784,1.190040148764717,0.32435090313037857,7.025,6.7,15.7,15.2,-0.325,-0.5,60,76
5e88da2b7e859234c8cba95e,-0.7332752060270542,99.95676701915579,0.020533496985921246,35.475314516329476,US,Los Angeles,06037,19.109516250149685,0.44770949593096987,0.058253938519489706,-693.6242804686166,33.97,-118.24,Los Angeles,20200517,20200521,Foothill Transit,California,06,27.29241538323958,4,38,0.1391528865214843,2.3133074199358825,0.41861870101371534,7.025,7.275,15.925,15.75,0.25,-0.175,62,73
5e88da2b7e859234c8cba95f,-0.6521846565134979,256.9322370518576,-0.0075794958301883125,38.314588394215434,US,Cuyahoga,39035,20.54125391739999,0.4122537221035936,0.043474648893926826,-135.3353450304801,41.36,-81.86,Cleveland,20200517,20200521,GCRTA,Ohio,39,29.427921155807713,47,48,0.22772769218347086,1.8502223509535054,0.5253030893434343,7.325,8.63888888888889,15.35,15.2,1.3055555555555556,-0.15,53,70
5e88da2b7e859234c8cba960,-0.7631349415527834,99.95676701915579,0.01745510968351813,34.88979429802846,US,Los Angeles,06037,20.34367800437712,0.5037168096516056,0.058253938519489706,-693.6242804686166,33.97,-118.24,Los Angeles,20200517,20200521,Glendale Beeline,California,06,27.616736151202794,4,38,,,,,,,,,,62,73
5e88da2b7e859234c8cba961,-0.843478596314753,,-0.02342926854611175,36.714800883080265,US,Marin and Sonoma,,14.75414925415483,0.33364780863826393,,,,,SF Bay Area,20200517,,Golden Gate Transit,California,06,25.73447506861755,,,0.3236332703944446,3.1183333259986523,0.7113943967051689,7.775,7.6,17.0,15.9,-0.175,-1.1,,
5e88da2b7e859234c8cba962,-0.5723303162196437,52.842892423583706,0.0038800867935790376,46.28217127955642,US,Montgomery,39113,16.45041262420441,0.24561486223155532,0.04502204898069552,-20.196792774792062,39.83,-84.41,Dayton,20200517,20200521,Greater Dayton RTA,Ohio,39,31.366291951880417,57,46,0.2566861704306254,1.2898730868466537,0.4550859032843078,7.325,8.5,15.0,14.35,1.1071428571428572,-0.65,52,67
5e88da2b7e859234c8cba963,-0.8275964726020458,69.44387746108522,0.0015021510982144372,37.31339452724863,US,Multnomah,41051,22.28276036406457,0.48747931808534745,0.04862662161845397,-37.703948017056234,45.55,-122.27,Portland,20200517,20200521,Greater Portland Metro Bus,Oregon,41,29.7980774456566,48,34,,,,,,,,,,67,73
5e88da2b7e859234c8cba964,-0.6371889539554443,99.95676701915579,-0.014353519091231668,36.30076367373364,US,Los Angeles,06037,18.7904566424653,0.41844630589144843,0.058253938519489706,-693.6242804686166,33.97,-118.24,Los Angeles,20200517,20200521,GTrans,California,06,27.54561015809947,4,38,0.17999794934667648,2.0889752501143417,0.3968560992448458,7.0,7.175,16.275,15.6,0.175,-0.675,62,73
5e88da2b7e859234c8cba965,-0.6903765498507187,309.2537212864151,0.051432904932469645,41.0695037514813,US,Hartford,09003,18.66190231697378,0.3269927534937133,0.0644223935920382,-162.32366965991065,41.87,-72.67,Hartford,20200517,20200521,Hartford Line,Connecticut,09,29.86570303422754,52,41,,,,,,,,,,65,72
5e88da2b7e859234c8cba966,-0.6760171792304855,25.185935275135545,0.041921704081481256,63.43757003685009,US,Hampton,51650,11.755387178354212,0.14177271328342914,0.04854078608097918,-6.777214768594469,37.036325,-76.354938,Hampton,20200517,20200521,HRT,Virginia,51,37.59647860760215,64,36,,,,,,,,,,49,62
5e88da2b7e859234c8cba967,-0.37747763160236963,165.28616561010588,0.015908864711518367,40.26868136986459,US,Jackson,29095,16.81277786307559,0.31237864233788964,0.04312842509609837,-63.26862331665854,38.91,-94.38,Kansas City,20200502,20200521,KCATA,Missouri,29,28.540729616470088,56,40,,,,,,,,,,53,62
5e88da2b7e859234c8cba968,-0.8260601923322441,322.9621301300111,0.02496387332424501,43.183142326304534,US,King,53033,5.4392033521536725,0.19412714972004677,0.03216540648866528,-764.5281242262804,47.3,-122.26,Seattle,20200517,20200521,King County Metro,Washington,53,24.3111728392291,0,32,0.4604148310894398,2.7566763515852433,0.5307505015823322,7.725,7.875,16.8,16.075,0.15,-0.725,74,78
5e88da2b7e859234c8cba969,-0.7364667034753235,99.95676701915579,0.01778111346805025,37.284249889125704,US,Los Angeles,06037,18.284102278367644,0.38563507201968295,0.058253938519489706,-693.6242804686166,33.97,-118.24,Los Angeles,20200517,20200521,LA DOT,California,06,27.784176083746676,4,38,0.26706573994211447,2.2380200447332843,0.3942520486970175,7.0,6.625,15.275,15.725,-0.375,0.45,62,73
5e88da2b7e859234c8cba96a,-0.7188814701209368,99.95676701915579,0.008047398305048836,37.12401217903142,US,Los Angeles,06037,18.341124732670103,0.39009568220985796,0.058253938519489706,-693.6242804686166,33.97,-118.24,Los Angeles,20200517,20200521,LA Metro - Bus,California,06,27.73256845585076,4,38,0.26418438761764795,2.287202047828076,0.37819692619373546,7.0,6.75,15.0,15.25,-0.25,0.25,62,73
5e88da2b7e859234c8cba96b,-0.7417795830374527,99.95676701915579,0.012614988749664373,35.79343851577284,US,Los Angeles,06037,19.002029183161838,0.43636142429266556,0.058253938519489706,-693.6242804686166,33.97,-118.24,Los Angeles,20200517,20200521,LA Metro - Rail,California,06,27.39773384946734,4,38,0.25355474934979394,2.3791786904925116,0.4051061152179399,7.0,6.575,16.575,15.9,-0.425,-0.675,62,73
5e88da2b7e859234c8cba96c,-0.7221086826696564,376.0993557870508,-0.02556666651503259,38.738712958118136,US,Clark,32003,22.823769539998064,0.46039266994295086,0.04499483758430442,-246.6216956915295,36.14,-115.28,Las Vegas,20200517,20200521,Las Vegas Monorail,Nevada,32,30.7812412490581,43,39,0.21290024867757967,1.3914230838695987,0.5339690631121631,8.5,7.975,15.35,14.775,-0.8333333333333334,-0.575,53,70
5e88da2b7e859234c8cba96d,-0.7349071372558655,99.95676701915579,0.010577940184099506,37.17103979949286,US,Los Angeles,06037,18.581521567203527,0.394153479434036,0.058253938519489706,-693.6242804686166,33.97,-118.24,Los Angeles,20200517,20200521,Long Beach Transit,California,06,27.876280683348195,4,38,0.14986071519609495,2.0206404826314412,0.417982139922461,7.0,7.9743589743589745,15.475,15.125,0.9743589743589743,-0.35,62,73
5e88da2b7e859234c8cba96e,-0.7077628428144113,4010.2707694841683,0.0055346531953989414,41.21295651948469,US,Suffolk,36103,17.362145854205668,0.3072064675321833,0.04404226833105742,-2387.7683950401542,40.81,-73.04,NYC,20200517,20200521,Long Island Rail Road,New York,36,29.28755118684518,46,36,0.15825068949837956,1.8749287962350087,0.4519537245518748,7.0,6.875,16.425,15.8,-0.125,-0.625,56,79
5e88da2b7e859234c8cba96f,-0.6002523725527412,282.7187712052689,-0.004734450035823761,40.065244889079054,US,Orange,12095,21.95423632603702,0.40456738048323165,0.03834060942043232,-137.63290362933833,28.68,-81.51,Orlando,20200517,20200521,Lynx,Florida,12,31.009740607558037,51,35,,,,,,,,,,57,72
5e88da2b7e859234c8cba970,-0.9020420436766667,120.50950798637315,-0.0037353905387506473,33.10165057030306,US,Dane,55025,24.045852735800278,0.8091085320326827,0.029719722519199476,-67.61539253440971,42.86,-89.53,Madison,20200517,20200521,Madison Metro,Wisconsin,55,28.57375165305167,47,38,0.484544373833022,3.8720663507811137,0.8261534720056263,8.0,8.564102564102564,16.55,15.075,0.5641025641025641,-1.475,65,69
5e88da2b7e859234c8cba971,-0.5536191117452645,246.98840716550598,0.0028376396460144592,39.32773755659873,US,Fulton,13121,18.705885021800853,0.35530868431414225,0.04501508903155147,-177.93413079801817,34.06,-84.27,Atlanta,20200517,20200521,MARTA,Georgia,13,29.01681128919979,41,56,,,,,,,,,,55,68
5e88da2b7e859234c8cba972,-0.8029672772973295,75.60747795483948,-0.0011113483597290123,40.60539003262219,US,Suffolk,25025,17.951191168392874,0.3234333439099771,0.05911790814061212,-424.1086449330894,42.35,-71.06,Boston,20200517,20200521,MBTA,Massachusetts,25,29.278290600507532,10,52,0.4817644199903215,1.7480399940821114,0.5711121779349578,7.0,7.075,16.8,14.875,0.075,-1.925,71,74
5e88da2b7e859234c8cba973,-0.5722205440015038,441.60720867848016,0.006133178550520575,34.11390791027354,US,Milwaukee,55079,25.261240890041712,0.8276741094535617,0.042638143999988255,-200.3595570207489,42.94,-87.86,Milwaukee County,20200517,20200521,MCTS,Wisconsin,55,29.687574400157626,51,37,0.1807390541948587,1.4813934204905126,0.5061958791735107,7.805555555555555,8.567567567567568,15.425,14.75,0.7878787878787878,-0.675,60,67
5e88da2b7e859234c8cba974,-0.7559447943940033,128.43065018144563,0.017838874129316066,36.36417241261901,US,Cook,17031,21.46985380023852,0.4919408187071292,0.059125145810948986,-1071.169221304606,42.09,-87.98,Chicago,20200517,20200521,Metra,Illinois,17,28.91701310642877,2,48,0.32024186261658844,1.8380545355126934,0.5580731378954475,7.375,8.575,16.925,15.05,1.2,-1.875,63,72
5e88da2b7e859234c8cba975,-0.6570869248873382,399.4604019563405,0.023255212950392942,45.35436929449819,US,Harris,48201,16.644474255490884,0.2552124722958458,0.05206945371337223,-315.3108575313389,29.76,-95.38,Houston,20200517,20200521,METRO,Texas,48,30.999421774994538,43,41,0.18735645492777936,1.4210059608987518,0.495316315485231,7.0,8.5,16.0,15.2,1.5,-0.8,53,65
5e88da2b7e859234c8cba976,-0.5996538130968219,127.18460852947199,-0.005730907746964196,34.96080041878928,US,Hamilton,39061,22.973235154349098,0.6112269781749938,0.05576173026825601,-42.78660852711179,39.13,-84.71,Cincinnati,20200517,20200521,SORTA - Metro,Ohio,39,28.96701778656919,57,48,0.29740329653470393,1.8151483008113305,0.6159418838629441,7.0,8.0,15.75,15.05,1.0,-0.7,57,69
5e88da2b7e859234c8cba977,-0.6605097187418619,277.28597446380036,0.05469590421125981,57.48931717161112,US,St Louis,29189,-3.1959496229274507,0.1207397393022371,0.048473715669677855,-169.64127150393708,38.65,-90.58,St. Louis,20200517,20200521,Metro Transit St Louis,Missouri,29,27.146683774341835,46,31,0.08386168213538225,1.5576207413620518,0.34337153035678863,8.083333333333334,8.161290322580646,15.5,15.25,0.3157894736842105,-0.25,57,62
5e88da2b7e859234c8cba978,-0.7027214884701218,16.1435420216577,-0.03074497371753,37.84088418680094,US,Ramsey,27123,20.743015754063222,0.4285401610782001,0.057241813701801675,-8.852892818355562,44.94,-93.1,Minneapolis-Saint Paul,20200517,20200521,Metro Transit,Minnesota,27,29.291949970432082,44,37,0.5201128162440746,1.8571498960770036,0.6129298450292294,7.0,6.482758620689655,15.975,15.1,-0.5172413793103449,-0.875,81,73
5e88da2b7e859234c8cba979,-0.672494031343262,34.23674088193338,0.018642409504436068,35.21972993834916,US,Orange,06059,19.068470273083065,0.4536564604937009,0.045877655264671524,-128.67130612049743,33.84,-118,Los Angeles,20200517,20200521,Metrolink,California,06,27.144100105716113,4,38,0.11730230436033662,2.193114172912147,0.35449520947425317,7.0,7.325,15.575,15.75,0.325,0.175,62,73
5e88da2b7e859234c8cba97a,-0.6788908372090647,,0.011192931064877953,37.57921513849473,US,"New York, Bronx, Westchester, Putnam, Dutchess, Rockland, Orange,Fairlield, New Haven",,20.194601454787247,0.42147173503925073,,,,,NYC,20200517,,Metro-North Railroad,New York and Connecticut,,28.88690829664099,,,0.3104145984821036,1.7872939790293536,0.5031431658547074,7.05,6.9,15.075,15.325,-0.15,0.25,,
5e88da2b7e859234c8cba97b,-0.6318644978609373,1527.1825607108397,0.006292998593455784,39.731821530687995,US,Miami-Dade,12086,22.246882675878926,0.41905341237404636,0.04626517193649244,-773.880304510249,25.86,-80.29,Miami,20200517,20200521,Miami-Dade Transit,Florida,12,30.989352103283462,50,37,0.08556577910849905,1.461002125448438,0.3782095564136759,7.0,8.025,16.075,15.2,1.025,-0.875,54,76
5e88da2b7e859234c8cba97c,-0.9142626920170402,25.13993279435497,0.006392741679490206,39.88723874913312,US,Monterey,06053,17.9492827169691,0.333992979178039,0.051895356204441495,-8.146966198874427,35.85,-120.8,Monterey,20200517,20200521,Monterey-Salinas Transit,California,06,28.91826073305111,56,37,0.11623726482804113,1.9730991734233023,0.7554036176034878,7.725,9.051282051282051,16.625,14.2,1.3076923076923077,-2.425,65,67
5e88da2b7e859234c8cba97d,-0.8179821611971622,250.85088279263266,0.011679009669513376,51.946333591343304,US,Washington,11001,17.082438217998853,0.21016364390140177,0.05604916058811497,-154.47847306629518,38.89,-77.03,Washington D.C.,20200517,20200521,Montgomery County Transit,D.C,11,34.51438590467108,46,27,0.1349262670546305,1.2832830504050463,0.32291311536646145,7.0,6.225,15.0,15.125,-0.775,0.125,60,76
5e88da2b7e859234c8cba97e,-0.5728012316810597,169.5585347147002,-0.0054236612515547065,42.39844105112084,US,Baltimore,24005,18.01301328694202,0.30047138656400896,0.05875966504937053,-97.54894747829536,39.51,-76.49,Baltimore,20200517,20200521,MDOT MTA,Maryland,24,30.20572716903143,49,54,0.40920094712025645,1.6145450556035945,0.45191596508221926,7.0,6.2,15.025,15.1,-0.8,0.075,61,70
5e88da2b7e859234c8cba97f,-0.7420593258496965,183.63560969603716,0.00944464886422835,43.86911279090203,US,Davidson,47037,15.656604231263186,0.25971186776143557,0.051664633587415104,-100.68807152537306,36.04,-86.64,Nashville,20200517,20200521,MTA & RTA,Tennessee,47,29.76285851108261,46,37,,,,,,,,,,61,63
5e88da2b7e859234c8cba980,-0.6807980112262473,4203.218328586889,-0.004734294346671652,37.44507010824981,US,Bronx,36005,20.64275186465992,0.43607811648577727,0.044662193081142366,-2444.1166742694472,40.71,-73.99,NYC,20200517,20200521,MTA - Bronx Buses,New York,36,29.043910986454865,46,36,0.34797589027673764,1.9130361581744617,0.45607317219806826,7.0,7.0,15.125,15.25,0.0,0.125,56,79
5e88da2b7e859234c8cba981,-0.7118260959115715,5474.0963796361275,-0.00963190999291993,36.9818206396686,US,Kings,36047,20.214061144697872,0.4369768837904056,0.041253973719515835,-3531.2124195979977,40.71,-73.99,NYC,20200517,20200521,MTA - Brooklyn Buses,New York,36,28.597940892183235,43,36,0.24538948831881696,2.083949135029165,0.46385056266673486,7.0,6.925,16.5,15.75,-0.075,-0.75,56,79
5e88da2b7e859234c8cba982,-0.7666178470769087,2890.2406667212877,-0.00635196360872854,36.95236274900689,US,New York,36061,19.20842220517539,0.4129366458459247,0.038018792027449365,-2026.8882441371613,40.71,-73.99,NYC,20200517,20200521,MTA - Manhattan Buses,New York,36,28.080392477091138,40,36,0.28688316186056906,2.2102161724464997,0.5830875501061817,7.05,6.6,17.0,15.775,-0.45,-1.225,56,79
5e88da2b7e859234c8cba983,-0.700006158653359,2890.2406667212877,-0.007335349512253774,37.386544400922276,US,New York,36061,19.92171156577797,0.4195358387579294,0.038018792027449365,-2026.8882441371613,40.71,-73.99,NYC,20200517,20200521,MTA - NYC Bus Company,New York,36,28.654127983350122,40,36,0.2653434794533547,2.0282436364724847,0.46481384673470144,7.0,6.875,16.05,15.625,-0.125,-0.425,56,79
5e88da2b7e859234c8cba984,-0.7236841830199255,2890.2406667212877,-0.010828766486293846,36.80456140106563,US,New York,36061,20.482397358120057,0.44890636272131285,0.038018792027449365,-2026.8882441371613,40.71,-73.99,NYC,20200517,20200521,MTA - NYC Subway,New York,36,28.64347937959284,40,36,0.2657630225505651,2.052975496886678,0.48719574798076704,7.0,6.875,16.625,15.625,-0.125,-1.0,56,79
5e88da2b7e859234c8cba985,-0.7319855403697716,7126.636004532694,-0.005254433526626358,38.03206834249633,US,Queens,36081,19.736369854673967,0.4004833866898404,0.04045251673121503,-4228.500172994993,40.71,-73.99,NYC,20200517,20200521,MTA - Queens Buses,New York,36,28.88421909858515,45,36,0.27487535843456035,2.006669001442229,0.4977839708385323,7.0,6.4,16.325,15.725,-0.6,-0.6,56,79
5e88da2b7e859234c8cba986,-0.767991919264393,1519.4996795455947,-0.006203705039393658,37.34011654145681,US,Richmond,36085,19.295350018353172,0.4060525406564836,0.04353268911490966,-852.8550735720859,40.71,-73.99,NYC,20200517,20200521,MTA - Staten Island Buses,New York,36,28.31773327990499,47,36,0.23252614397120192,2.1899072366834154,0.4966050287336718,7.0,6.4,16.575,15.675,-0.6,-0.9,56,79
5e88da2b7e859234c8cba987,-0.752292874243676,100.48562871216768,-0.01394393651267044,39.01014572186858,US,San Diego,06073,18.57738937730164,0.35859691021116546,0.04647272685428218,-182.48799979421656,32.83,-116.76,San Diego,20200517,20200521,MTS,California,06,28.79376754958511,20,33,0.27439751797514944,1.8236129645144201,0.4794738170807834,7.297297297297297,9.307692307692308,15.0,14.725,2.0,-0.275,71,74
5e88da2b7e859234c8cba988,-0.8909669811753786,173.65118195345775,-0.007192152712896965,38.47821627807232,US,San Francisco,06075,13.905222728203109,0.2981778869306012,0.04178639362223947,-106.85513486803113,37.77,-122.41,SF Bay Area,20200517,20200521,MUNI - SFMTA,California,06,26.191719503137712,43,33,0.6929506879676938,3.236900715942631,0.6990348002158725,8.0,7.925,17.0,15.425,-0.075,-1.575,65,78
5e88da2b7e859234c8cba989,-0.8460634283884275,100.48562871216768,0.03941971788501583,38.8347003922639,US,San Diego,06073,18.46946848521173,0.3597859000919121,0.04647272685428218,-182.48799979421656,32.83,-116.76,San Diego,20200517,20200521,NCTD,California,06,28.652084438737816,20,33,,,,,,,,,,71,74
5e88da2b7e859234c8cba98a,-0.5914076013983166,318.8465561566354,-0.009243997448274002,33.148098563498486,US,Erie,36029,25.23326604300675,0.9257458415309674,0.05214283652560005,-138.58696826479797,43.01,-78.49,Buffalo,20200517,20200521,NFTA,New York,36,29.19068230325262,52,50,0.5210832379756515,1.9711519851662374,0.6354255384358355,7.157894736842105,7.884615384615385,15.1,14.675,0.6666666666666666,-0.425,60,64
5e88da2b7e859234c8cba98b,-0.6840464142070556,4489.383501964367,-0.005466237828755127,38.90260857676096,US,Nassau,36059,19.46653943795252,0.37698586272411727,0.04114290552347331,-2966.513967784156,40.72,-73.7,NYC,20200517,20200521,NICE Bus,New York,36,29.18457400735674,43,36,0.15464808823380444,1.8142088896337265,0.43111126005630346,7.0,6.8,16.5,15.875,-0.2,-0.625,56,79
5e88da2b7e859234c8cba98c,-0.6907997247291521,,0.009375781977061362,40.4257801644659,US,New Jersey,,18.41640138692466,0.33290913688740814,,,,,New Jersey,20200517,,NJ Transit - Bus,New Jersey,,29.42109077569528,,,0.15265583809524705,1.5934118668303539,0.3752219680045226,7.0,6.825,15.325,15.75,-0.175,0.425,,
5e88da2b7e859234c8cba98d,-0.6717191457374704,,0.011890844984606373,39.45066456233275,US,New Jersey,,18.723832021705398,0.3535090698444712,,,,,New Jersey,20200517,,NJ Transit - Rail,New Jersey,,29.087248292019073,,,0.12023318470894963,1.6143453616413412,0.38412238421975103,7.0,6.675,15.7,15.725,-0.325,0.025,,
5e88da2b7e859234c8cba98e,-0.7377733258052661,2890.2406667212877,-0.0029949450285471336,43.630988620795556,US,New York,36061,12.775582799196231,0.23746643731161618,0.038018792027449365,-2026.8882441371613,40.71,-73.99,NYC,20200517,20200521,NY Waterway,New York,36,28.203285709995892,40,36,0.14686802320563758,2.0291801603621025,0.5821358536152298,7.0,6.425,17.0,15.875,-0.575,-1.125,56,79
5e88da2b7e859234c8cba98f,-0.7629118666069012,34.23674088193338,0.004669154480010157,39.24579025378567,US,Orange,06059,18.24066638981977,0.3488255217970366,0.045877655264671524,-128.67130612049743,33.84,-118,Los Angeles,20200517,20200521,OCTA,California,06,28.74322832180272,4,38,0.08867604923483019,1.9936664893383578,0.36118404372239016,7.0,8.175,15.175,15.5,1.175,0.325,62,73
5e88da2b7e859234c8cba990,-0.5915840110090435,163.6257550628714,-0.027186434292944504,35.25393080272246,US,San Bernardino,06071,18.8121427941766,0.44564029705594754,0.0574072434244852,-74.71240471690926,34.14,-117.61,Los Angeles,20200517,20200521,Omnitrans,California,06,27.03303679844953,53,38,,,,,,,,,,62,73
5e88da2b7e859234c8cba991,-0.6342317536219002,242.3448677511939,0.0048509498152454365,35.722793866459796,US,Allegheny,42003,20.807129841144256,0.4912368151912895,0.040069262747596486,-110.46000189201676,40.54,-79.83,Pittsburgh,20200517,20200521,PAAC,Pennsylvania,42,28.264961853802024,52,35,0.19305161693965667,1.759259985547018,0.42527159420206573,7.225,7.206896551724138,15.925,15.05,0.034482758620689655,-0.875,59,73
5e88da2b7e859234c8cba992,-0.7234711008967402,128.43065018144563,0.02075872346862908,36.29006776656655,US,Cook,17031,21.749818713721222,0.5039200680558822,0.059125145810948986,-1071.169221304606,42.09,-87.98,Chicago,20200517,20200521,Pace Bus,Illinois,17,29.019943240143885,2,48,0.25793327869509636,1.7822229598863397,0.505645951106556,7.125,8.65,16.875,15.5,1.525,-1.375,63,72
5e88da2b7e859234c8cba993,-0.6780898458849499,,0.060515034432182056,35.617430616582396,US,"San Diego, Orange, Los Angeles, San Luis Obispo, Ventura, Santa Barbara",,18.56492264548019,0.4296800977707267,,,,,California,20200517,,Pacific Surfliner,California,,27.091176631031296,,,0.2321393209281337,1.9200451921562423,0.4494429664726817,7.0,8.425,15.925,15.55,1.425,-0.375,,
5e88da2b7e859234c8cba994,-0.5328626619194823,1527.1825607108397,0.02134428424724215,47.283593630956844,US,Miami-Dade,12086,15.735992483996394,0.23225611538978286,0.04626517193649244,-773.880304510249,25.86,-80.29,Miami,20200517,20200521,Palm Tran,Florida,12,31.50979305747662,50,37,0.10477592852645308,1.331477956036963,0.3774373643458289,7.425,8.256410256410257,15.625,15.675,0.8461538461538461,0.05,54,76
5e88da2b7e859234c8cba995,-0.7722792303627611,99.95676701915579,-0.0036135115908260424,34.595465457057976,US,Los Angeles,06037,19.789263161936464,0.49486851160162126,0.058253938519489706,-693.6242804686166,33.97,-118.24,Los Angeles,20200517,20200521,Pasadena Transit,California,06,27.192364309497222,4,38,0.3112133284644178,2.8073161951445624,0.6628703141945261,7.375,7.775,15.5,15.575,0.4,0.075,62,73
5e88da2b7e859234c8cba996,-0.46125629733921186,953.5532433380139,-0.029996435118744922,32.80066681394531,US,Philadelphia,42101,21.803988084651355,0.666303296898238,0.052230347499805735,-596.2302189195584,39.95,-75.16,Philadelphia,20200517,20200521,PATCO,Pennsylvania,42,27.302327449298335,47,35,0.20965339108690084,1.7412686432962012,0.47347636231486573,7.025,8.0,15.425,15.575,0.975,0.15,63,72
5e88da2b7e859234c8cba997,-0.7546434164305217,2890.2406667212877,0.007138065346979166,38.002118707217406,US,New York,36061,18.595811151115065,0.3775640095920911,0.038018792027449365,-2026.8882441371613,40.71,-73.99,NYC,20200517,20200521,PATH,New York,36,28.298964929166235,40,36,0.21484071036348495,1.9700795243770544,0.5942371330123732,7.1,6.175,16.825,15.5,-0.925,-1.325,56,79
5e88da2b7e859234c8cba998,-0.7911938833080884,322.9621301300111,0.01183029313095346,43.49843978169337,US,King,53033,6.73588902478123,0.19930943695145087,0.03216540648866528,-764.5281242262804,47.3,-122.26,Seattle,20200517,20200521,Pierce Transit,Washington,53,25.1171644032373,0,32,0.3666091325869751,2.5003478904438867,0.47566603316637046,7.175,8.3,16.3,15.625,1.125,-0.675,74,78
5e88da2b7e859234c8cba999,-0.8853949922162048,173.65118195345775,-0.01891449168521012,37.165620976751256,US,San Francisco,06075,12.5701908410255,0.2979058813700672,0.04178639362223947,-106.85513486803113,37.77,-122.41,SF Bay Area,20200517,20200521,PresidiGo,California,06,24.86790590888838,43,33,,,,,,,,,,65,78
5e88da2b7e859234c8cba99a,-0.5036405406041727,147.43378949623738,0.0190783031226607,49.447579865957266,US,Hillsborough,12057,19.502196583969535,0.24468290231124168,0.03834942180988769,-106.98954918001232,27.76,-82.26,Tampa,20200517,20200521,PSTA,Florida,12,34.4748882249634,40,30,0.0432780304813522,1.144690799722106,0.384932859684419,7.15,8.5,15.875,15.325,1.35,-0.55,58,70
5e88da2b7e859234c8cba99b,-0.7994027978231815,62.21240117765487,0.0005502153086783063,38.1349531575179,US,Providence,44007,19.497729905445887,0.3931445791660349,0.07838315273374473,-113.61408557092113,41.95,-71.45,Providence,20200517,20200521,RIPTA,Rhode Island,44,28.816341531481893,39,34,0.5764902433589499,2.1023181591177647,0.6253606939260999,7.275,9.923076923076923,15.05,14.425,2.641025641025641,-0.625,59,70
5e88da2b7e859234c8cba99c,-0.6999502759394437,211.216244910006,-0.0021373245908573816,37.34535222051725,US,Riverside,06065,17.629808819646698,0.37164196508708763,0.058123757063924274,-146.4019562114096,33.99,-117.53,Los Angeles,20200517,20200521,Riverside Transit Agency,California,06,27.487580520081973,46,38,0.194860844769941,2.1791779440641084,0.4968906855129068,7.105263157894737,8.4,15.325,15.575,1.3157894736842106,0.25,62,73
5e88da2b7e859234c8cba99d,-0.6502141458738293,376.0993557870508,-0.01625680557261418,40.96437632211263,US,Clark,32003,21.08820715807215,0.368638605950052,0.04499483758430442,-246.6216956915295,36.14,-115.28,Las Vegas,20200517,20200521,RTC Southern Nevada,Nevada,32,31.02629174009239,43,39,0.0712703676682156,1.3411143034029902,0.31948922147449677,7.0,7.46875,14.875,14.4,-0.2,-0.475,53,70
5e88da2b7e859234c8cba99e,-0.7894939298622256,131.6784161135991,0.000006382213121417664,39.44160846446013,US,Denver,08031,17.553046619467057,0.33474667473118364,0.058305727872824106,-77.89760062587311,39.59,-105.01,Denver,20200517,20200521,RTD,Colorado,08,28.497327541963593,44,46,0.5336687604655259,2.3147821279329106,0.5302115568561538,7.125,7.666666666666667,16.0,15.075,0.5384615384615384,-0.925,76,76
5e88da2b7e859234c8cba99f,-0.8146289071561468,144.51460651261235,-0.006784991051302388,38.0431852709938,US,San Mateo,06081,14.669845669878127,0.3134820875964831,0.038111551613191234,-96.0563982395127,37.5,-122.3,SF Bay Area,20200517,20200521,SamTrans,California,06,26.356515470435966,40,33,0.5502079489337447,2.3868229416151783,0.6181308274426913,7.3,8.825,16.5,15.075,1.525,-1.425,65,78
5e88da2b7e859234c8cba9a0,-0.6890050306500659,99.95676701915579,-0.03729394513692412,34.014537446095616,US,Los Angeles,06037,20.930501439772417,0.5600048248658341,0.058253938519489706,-693.6242804686166,33.97,-118.24,Los Angeles,20200517,20200521,Santa Clarita Transit,California,06,27.47251944293402,4,38,0.15785100724742884,2.7148999612443707,0.4615179430330181,7.0,6.5,16.475,16.375,-0.5,-0.1,62,73
5e88da2b7e859234c8cba9a1,-0.8684247248615613,28.761996107834612,-0.015740595223649786,37.699840135943404,US,Santa Cruz,06087,14.91115814531496,0.3215246627809576,0.0330492348863564,-15.073615895330885,36.97,-121.89,Santa Cruz,20200517,20200521,Santa Cruz Metro,California,06,26.305499140629184,47,37,0.20758034824189253,3.0533975695692814,0.6992716256607211,8.31578947368421,8.55,16.525,15.775,0.15789473684210525,-0.75,65,67
5e88da2b7e859234c8cba9a2,-0.6399287145373809,953.5532433380139,-0.028026137721520523,37.822450172649674,US,Philadelphia,42101,20.290024575047852,0.4179184021896854,0.052230347499805735,-596.2302189195584,39.95,-75.16,Philadelphia,20200517,20200521,SEPTA - Bus,Pennsylvania,42,29.056237373848763,47,35,0.5757024704194874,1.9317715222547323,0.4912945402555187,7.0,7.5,15.0,14.9,0.5,-0.1,63,72
5e88da2b7e859234c8cba9a3,-0.577700883553535,953.5532433380139,-0.03252975773032616,35.2054178456685,US,Philadelphia,42101,21.786490039849227,0.5460289673130069,0.052230347499805735,-596.2302189195584,39.95,-75.16,Philadelphia,20200517,20200521,SEPTA - Rail,Pennsylvania,42,28.495953942758863,47,35,0.3863017349693376,1.8347815258247584,0.4810278543298064,7.0,7.666666666666667,15.0,15.15,0.6666666666666666,0.15,63,72
5e88da2b7e859234c8cba9a4,-0.6916290781557175,492.64456012847825,0.03958156347267414,31.973179892465804,US,New Haven,09009,26.20976601638488,1.2713165234702313,0.061116315905658324,-259.5845663064261,41.34,-73.06,New Haven,20200517,20200521,Shore Line East,Connecticut,09,29.091472954425342,52,41,,,,,,,,,,65,72
5e88da2b7e859234c8cba9a5,-0.7274296464085845,2684.2417053633994,0.04898427590322853,49.17820052685944,US,Wayne,26163,13.783652474720807,0.20701276596231513,0.040307239264619626,-1466.4272185478494,42.25,-83.21,Detroit,20200517,20200521,SMART,Michigan,26,31.480926500790126,48,46,0.10375334450125683,1.5322797659655436,0.3930262148136444,8.0,8.91891891891892,15.625,15.475,0.918918918918919,-0.15,68,79
5e88da2b7e859234c8cba9a6,-0.7418113001615256,322.9621301300111,0.035486818248779896,38.50397519406634,US,King,53033,12.784299329583554,0.28488396707897773,0.03216540648866528,-764.5281242262804,47.3,-122.26,Seattle,20200517,20200521,Sound Transit,Washington,53,25.644137261824948,0,32,,,,,,,,,,74,78
5e88da2b7e859234c8cba9a7,-0.7076088561564161,4010.2707694841683,0.03553388909530592,39.36742071859495,US,Suffolk,36103,19.888466142410373,0.3761558795982617,0.04404226833105742,-2387.7683950401542,40.81,-73.04,NYC,20200517,20200521,Suffolk County Transit,New York,36,29.62794343050266,46,36,0.14894869318967474,1.4593760807606149,0.5252780501610227,7.0,7.775,16.525,15.925,0.775,-0.6,56,79
5e88da2b7e859234c8cba9a8,-0.6299716087988786,127.18460852947199,-0.006857583754249492,35.94706749051408,US,Hamilton,39061,19.663269147983797,0.44996401565120087,0.05576173026825601,-42.78660852711179,39.13,-84.71,Cincinnati,20200517,20200521,TANK,Ohio,39,27.80516831924894,57,48,,,,,,,,,,57,69
5e88da2b7e859234c8cba9a9,-0.7055867667674808,76.22016054423071,0.028929562027183497,47.39817600674692,US,Jefferson,21111,15.389114823031118,0.22890778489894834,0.05669066595314468,-43.463005034399586,38.25,-85.48,Louisville,20200517,20200521,TARC,Kentucky,21,31.39364541488902,47,38,0.19334658607827143,1.4848330541870915,0.4241051431429373,7.945945945945946,8.555555555555555,15.8,15.0,0.7575757575757576,-0.8,57,60
5e88da2b7e859234c8cba9aa,-0.9312587033917952,45.663099179370064,-0.017520174999475287,37.34917154108159,US,Tompkins,36109,21.030406574274174,0.44899986654399143,0.028973977221443126,-22.891694362951817,42.49,-76.29,Ithaca,20200517,20200521,TCAT,New York,36,29.18978905767788,52,31,0.746754834440813,2.397604864929578,1.1063408708283877,8.275,9.282051282051283,17.675,15.125,1.0,-2.55,58,69
5e88da2b7e859234c8cba9ab,-0.9570212846121923,16.604514692327978,0.032088600039062526,45.6598795584883,US,Kent,26081,10.216546243443947,0.20672782740638018,0.09190801831683101,-5.493231106259732,42.95,-85.48,Grand Rapids,20200517,20200521,The Rapid,Michigan,26,27.93821290096612,50,42,,,,,,,,,,65,73
5e88da2b7e859234c8cba9ac,-0.9761749669696554,202.79855937227367,0.04354722983666261,39.89428827383276,US,Washtenaw,26161,13.988618154464135,0.2828385931920402,0.038501243426985556,-100.86653522540985,42.27,-83.73,Ann Arbor,20200517,20200521,The Ride,Michigan,26,26.941453214148446,50,46,0.5637267788137373,4.138954192134932,0.8953661390944719,8.0,9.108108108108109,17.0,15.075,1.1081081081081081,-1.925,68,79
5e88da2b7e859234c8cba9ad,-0.7740161464732215,112.86089394527421,-0.0046338592263140245,40.4228841752851,US,Honolulu,15003,21.074871147777507,0.37870158976232465,0.02979415180187044,-69.16449965766071,21.38,-157.92,Oahu,20200517,20200521,TheBus,Hawaii,15,30.748877661531303,45,41,,,,,,,,,,93,76
5e88da2b7e859234c8cba9ae,-0.7013782443216404,99.95676701915579,0.016062305626923384,35.91040832630158,US,Los Angeles,06037,18.16324447342698,0.41286164668347725,0.058253938519489706,-693.6242804686166,33.97,-118.24,Los Angeles,20200517,20200521,Torrance Transit,California,06,27.036826399864278,4,38,0.13143719600592246,2.272480481823407,0.4107973396570524,7.0,7.7,16.375,15.425,0.7,-0.95,62,73
5e88da2b7e859234c8cba9af,-0.7592632602704333,69.44387746108522,-0.011782810139861313,40.298713299773766,US,Multnomah,41051,17.982584682473178,0.3283330822255137,0.04862662161845397,-37.703948017056234,45.55,-122.27,Portland,20200517,20200521,TriMet,Oregon,41,29.14064899112347,48,34,0.4264508626001818,1.9370743143726992,0.6008932339302968,7.75,7.8,16.1,15.4,0.05,-0.7,67,73
5e88da2b7e859234c8cba9b0,-0.501178857967525,1527.1825607108397,0.02679169931727642,40.245679604254505,US,Miami-Dade,12086,20.445735883515468,0.3700577837796908,0.04626517193649244,-773.880304510249,25.86,-80.29,Miami,20200517,20200521,Tri-Rail,Florida,12,30.345707743884986,50,37,0.15311859308365422,1.3773569494811568,0.4072606449762371,7.175,7.875,16.1,15.8,0.7,-0.3,54,76
5e88da2b7e859234c8cba9b1,-1.003683313201296,202.79855937227367,0.04935225453700173,39.73495620356071,US,Washtenaw,26161,12.071860196222952,0.2648699657592824,0.038501243426985556,-100.86653522540985,42.27,-83.73,Ann Arbor,20200517,20200521,U-M Transit,Michigan,26,25.903408199891828,50,46,,,,,,,,,,68,79
5e88da2b7e859234c8cba9b2,-0.9723848791614694,127.84391888181116,0.00016999518014489636,37.14206382358424,US,Alameda,06001,16.13961428672249,0.3488699391658739,0.04629239163504061,-90.22552235741328,37.77,-122.27,SF Bay Area,20200517,20200521,University of California Berkeley - Bear Transit,California,06,26.640839055153364,41,33,0.7554835134524094,3.4919084008625667,0.9049246346308099,8.575,8.631578947368421,17.175,15.5,0.07894736842105263,-1.675,65,78
5e88da2b7e859234c8cba9b3,-0.7322862924030433,217.25749373956214,-0.029839682299289343,37.23145353309259,US,Salt Lake,49035,17.82152706131709,0.3774936140491754,0.05169946098349967,-102.28175868937447,40.59,-112.1,Salt Lake City,20200517,20200521,UTA,Utah,49,27.52649029720484,50,33,0.1965509114702023,2.606915958842621,0.5656263018416963,8.051282051282051,7.7368421052631575,16.575,15.875,-0.2972972972972973,-0.7,63,70
5e88da2b7e859234c8cba9b4,-0.6103617243795816,42.40786177266197,0.01915847390954736,42.714266537713755,US,Maricopa,04013,16.574676254732154,0.2803075034052725,0.048831678282360985,-188.20278019760858,33.45,-112.06,Phoenix,20200517,20200521,Valley Metro,Arizona,04,29.644471396222954,4,35,,,,,,,,,,61,73
5e88da2b7e859234c8cba9b5,-0.4687099637720602,170.56941960397316,0.013220085692341458,40.462942557286674,US,Bexar,48029,19.16960230095512,0.34410398763437694,0.04750652052778867,-77.82991369062486,29.28,-98.73,San Antonio,20200517,20200521,VIA,Texas,48,29.816272429120897,52,33,,,,,,,,,,53,59
5e88da2b7e859234c8cba9b6,-0.9587247051122,131.6784161135991,-0.00398553402735355,38.35339045700657,US,Denver,08031,15.691041588917681,0.32331702838520415,0.058305727872824106,-77.89760062587311,39.59,-105.01,Denver,20200517,20200521,Via Mobility Services - Boulder,Colorado,08,27.022216022962123,44,46,0.5513186428289877,3.986258296898716,0.8942200620765232,8.487179487179487,8.5,16.075,15.125,-0.02564102564102564,-0.95,76,76
5e88da2b7e859234c8cba9b7,-0.8204821624584424,303.37329677041896,-0.017855298731927344,37.42337859183388,US,Santa Clara,06085,15.882433263982138,0.3401486416097793,0.024289218174565523,-477.567730670263,37.36,-122.14,SF Bay Area,20200517,20200521,VTA,California,06,26.65290592790801,5,33,0.4266397566071416,3.370341291345751,0.5793989864102961,7.875,8.76923076923077,16.475,15.125,0.8974358974358975,-1.35,65,78
5e88da2b7e859234c8cba9b8,-0.8206573734309224,99.95676701915579,0.023316556226632534,35.90968380995501,US,Los Angeles,06037,20.35663138100868,0.4711051625224721,0.058253938519489706,-693.6242804686166,33.97,-118.24,Los Angeles,20200517,20200521,West Hollywood - WeHo,California,06,28.133157595481848,4,38,0.25458568172878554,2.3477801717449083,0.6835449673136621,7.5,7.775,16.925,15.675,0.275,-1.25,62,73
5e88da2b7e859234c8cba9b9,-0.7652580832686879,250.85088279263266,-0.0038982914042668343,48.37359958026996,US,Washington,11001,17.354249341944914,0.2362113724486234,0.05604916058811497,-154.47847306629518,38.89,-77.03,Washington D.C.,20200517,20200521,WMATA,D.C,11,32.86392446110744,46,27,0.23423924707242233,1.2280661338697805,0.37554460495347947,7.525,6.425,15.575,15.05,-1.1,-0.525,60,76
